Date,Open,High,Low,Close,Volume,Dividends,Stock splits,Capital gains
2024-03-01 00:00:00-05:00,43.749110460352505,48.23240803638206,43.59145616401218,47.621498107910156,90615500,0.0,0.0,0.0
2024-03-04 00:00:00-05:00,49.26701401335964,50.656343658185385,48.28167373309245,49.04038619995117,81255500,0.0,0.0,0.0
2024-03-05 00:00:00-05:00,47.30618963235725,48.28167825504477,44.59650360783943,46.153343200683594,76835800,0.0,0.0,0.0
2024-03-06 00:00:00-05:00,49.04038746203191,51.08989334316988,48.005780892880175,49.48379135131836,91762300,0.0,0.0,0.0
2024-03-07 00:00:00-05:00,51.38549859952686,55.23817905599132,51.33622857707446,54.50902557373047,91590800,0.0,0.0,0.0
2024-03-08 00:00:00-05:00,55.1199285888944,56.1545387900355,48.084600270272226,48.23240280151367,129037200,0.0,0.0,0.0
2024-03-11 00:00:00-04:00,46.251871889925006,47.089413392241966,44.43884560477907,46.08436584472656,76456400,0.0,0.0,0.0
2024-03-12 00:00:00-04:00,47.72988123911165,48.96155657437875,45.32565233782921,48.853172302246094,89505900,0.0,0.0,0.0
2024-03-13 00:00:00-04:00,47.19780287865534,47.33574992218913,44.4289952235306,45.404483795166016,79513600,0.0,0.0,0.0
2024-03-14 00:00:00-04:00,44.83298250619921,45.66066848743388,41.56165309436095,42.89186096191406,77822900,0.0,0.0,0.0
2024-03-15 00:00:00-04:00,41.19708225124624,43.4929233603651,41.0098651752011,42.11344909667969,72496500,0.0,0.0,0.0
2024-03-18 00:00:00-04:00,44.04470894894196,44.59649707107616,41.70945366074264,41.91637420654297,65139200,0.0,0.0,0.0
2024-03-19 00:00:00-04:00,40.146238166504894,41.36906803214302,38.41061268436455,40.846405029296875,83450200,0.035,0.0,0.0
2024-03-20 00:00:00-04:00,41.014052283497,43.19344679334294,40.0574838623618,42.798988342285156,79396800,0.0,0.0,0.0
2024-03-21 00:00:00-04:00,46.960542213587615,48.08475453323982,45.42214799169308,45.66868591308594,82495700,0.0,0.0,0.0
2024-03-22 00:00:00-04:00,45.04740789580394,46.84220360673339,44.62336238325655,45.78702163696289,57152800,0.0,0.0,0.0
2024-03-25 00:00:00-04:00,43.883751068597384,46.526637950756914,43.528735851311744,45.25450134277344,54917700,0.0,0.0,0.0
2024-03-26 00:00:00-04:00,46.17161871150887,46.714001352062105,44.25848591618423,44.40640640258789,55697600,0.0,0.0,0.0
2024-03-27 00:00:00-04:00,45.58979099784553,45.89549936810997,43.3019194371835,45.85605239868164,56643600,0.0,0.0,0.0
2024-03-28 00:00:00-04:00,45.6686845696048,46.6449726029528,45.37283606314053,45.88563537597656,45684700,0.0,0.0,0.0
2024-04-01 00:00:00-04:00,46.08287088120212,49.297727696695304,46.07301101891329,47.32542419433594,63270000,0.0,0.0,0.0
2024-04-02 00:00:00-04:00,45.19533732901765,45.52076545625535,43.76541651317391,45.24464416503906,57411500,0.0,0.0,0.0
2024-04-03 00:00:00-04:00,43.676660372601795,46.526638227861866,43.59776642968167,45.55034637451172,54158200,0.0,0.0,0.0
2024-04-04 00:00:00-04:00,47.46348079648834,47.818495998585746,41.39864653835442,41.78324508666992,82719300,0.0,0.0,0.0
2024-04-05 00:00:00-04:00,42.108676276682814,43.91333184298079,41.35919891480201,43.015933990478516,71151400,0.0,0.0,0.0
2024-04-08 00:00:00-04:00,43.883750438690186,44.56419375414043,42.89759874343872,43.39067459106445,42780900,0.0,0.0,0.0
2024-04-09 00:00:00-04:00,44.741701532904976,45.21505389702805,42.57216704260493,44.76142501831055,66283900,0.0,0.0,0.0
2024-04-10 00:00:00-04:00,42.513001989585014,44.15001372274644,41.60574043525259,42.49327850341797,74894000,0.0,0.0,0.0
2024-04-11 00:00:00-04:00,43.10469132478861,45.412286529316766,42.06923275803617,45.165748596191406,64703800,0.0,0.0,0.0
2024-04-12 00:00:00-04:00,42.72009381023644,42.94690826291109,40.461805383966116,40.935157775878906,79978400,0.0,0.0,0.0
2024-04-15 00:00:00-04:00,42.39466443808399,42.79898649605238,38.55853105654212,39.2291145324707,62077800,0.0,0.0,0.0
2024-04-16 00:00:00-04:00,39.19952367097701,40.59985705050696,38.66700093712635,39.97858428955078,62696200,0.0,0.0,0.0
2024-04-17 00:00:00-04:00,40.037757614935934,40.28429554054975,36.13259777606191,36.546783447265625,85426600,0.0,0.0,0.0
2024-04-18 00:00:00-04:00,35.54090810582997,36.29038174123599,34.05181693490682,34.42655563354492,91529700,0.0,0.0,0.0
2024-04-19 00:00:00-04:00,33.48971025061201,34.10112700259625,29.781781577889856,30.363611221313477,105240100,0.0,0.0,0.0
2024-04-22 00:00:00-04:00,31.142669019814576,32.395080185323486,30.077625313460587,31.625883102416992,65096900,0.0,0.0,0.0
2024-04-23 00:00:00-04:00,32.36549404175719,34.18001307067745,32.138679633375865,33.637630462646484,66511500,0.0,0.0,0.0
2024-04-24 00:00:00-04:00,36.39886121672595,36.96096741751851,34.12084930276054,34.99852752685547,80370100,0.0,0.0,0.0
2024-04-25 00:00:00-04:00,34.791429352548825,37.65127067060203,34.16029289220137,36.89193344116211,80677600,0.0,0.0,0.0
2024-04-26 00:00:00-04:00,36.803180777078104,39.73205250075175,36.49747239884481,39.248836517333984,59041700,0.0,0.0,0.0
2024-04-29 00:00:00-04:00,39.05160731867187,40.264577266814904,38.17393287378214,40.04762268066406,51120700,0.0,0.0,0.0
2024-04-30 00:00:00-04:00,39.524961535563556,40.9154352678011,37.59210136440309,37.65127182006836,56304200,0.0,0.0,0.0
2024-05-01 00:00:00-04:00,35.58035772795169,37.532937784455804,33.184008621817,33.89403533935547,97290300,0.0,0.0,0.0
2024-05-02 00:00:00-04:00,35.48173609501773,36.3988574351055,33.647493414842195,35.945228576660156,56653400,0.0,0.0,0.0
2024-05-03 00:00:00-04:00,38.21337381721874,39.031881436291485,37.57237378392395,38.430328369140625,58599400,0.0,0.0,0.0
2024-05-06 00:00:00-04:00,39.416489344477256,40.80696325650823,38.93327329873797,40.72806930541992,48404800,0.0,0.0,0.0
2024-05-07 00:00:00-04:00,40.95487827691125,41.32961697055922,39.7221886705812,39.801082611083984,51508400,0.0,0.0,0.0
2024-05-08 00:00:00-04:00,38.51908805287419,39.939145194401824,38.42047062243249,39.85039138793945,53735100,0.0,0.0,0.0
2024-05-09 00:00:00-04:00,39.840525313480725,40.0574761028826,38.765619941433684,39.4066162109375,39132700,0.0,0.0,0.0
2024-05-10 00:00:00-04:00,40.580144349963795,41.65504986377481,39.95886771966599,40.4618034362793,47048400,0.0,0.0,0.0
2024-05-13 00:00:00-04:00,41.02390678427388,41.487399259606896,40.51111124110668,40.69847869873047,30565400,0.0,0.0,0.0
2024-05-14 00:00:00-04:00,40.60972747195912,42.838428667792115,40.481526697114546,42.61161422729492,41581500,0.0,0.0,0.0
2024-05-15 00:00:00-04:00,44.05139351478887,46.41815903944216,43.3808138367362,46.34912872314453,58063500,0.0,0.0,0.0
2024-05-16 00:00:00-04:00,46.309684095997895,47.364866140635286,45.57007030236214,45.61937713623047,46325500,0.0,0.0,0.0
2024-05-17 00:00:00-04:00,46.368854566818854,46.723869789763235,43.71610778050494,44.77128982543945,40965800,0.0,0.0,0.0
2024-05-20 00:00:00-04:00,45.323533054835096,48.61728001598581,45.17561255099881,47.58182144165039,55103200,0.0,0.0,0.0
2024-05-21 00:00:00-04:00,45.90536211732779,47.522650346928245,45.76730147751365,47.31555938720703,36437200,0.0,0.0,0.0
2024-05-22 00:00:00-04:00,48.567966231045965,49.3075799299959,47.433890387908136,48.6961669921875,55487800,0.0,0.0,0.0
2024-05-23 00:00:00-04:00,52.41396621539972,52.463273049771324,46.89151424276202,48.13406753540039,81175900,0.0,0.0,0.0
2024-05-24 00:00:00-04:00,49.32730845197349,51.34891868322851,48.66658485724905,50.72764205932617,48477400,0.0,0.0,0.0
2024-05-28 00:00:00-04:00,52.60132673048581,54.12986096497006,51.033345528975815,53.29163360595703,50658400,0.0,0.0,0.0
2024-05-29 00:00:00-04:00,50.44166126547572,51.200994768632285,49.94858541248718,50.27401351928711,42965600,0.0,0.0,0.0
2024-05-30 00:00:00-04:00,50.13595039766718,50.62902622621943,48.301707713553625,49.30758285522461,38260500,0.0,0.0,0.0
2024-05-31 00:00:00-04:00,49.60342891874788,50.0176145819158,43.76541275917633,47.917110443115234,72522600,0.0,0.0,0.0
2024-06-03 00:00:00-04:00,50.10636838388963,50.2247055325647,45.48131458151021,47.917110443115234,53127300,0.0,0.0,0.0
2024-06-04 00:00:00-04:00,47.78890868770408,47.976279911277075,45.787022015546604,46.93095779418945,46692500,0.0,0.0,0.0
2024-06-05 00:00:00-04:00,49.33716804423933,53.12399069946059,48.88353916787375,52.778839111328125,66560100,0.0,0.0,0.0
2024-06-06 00:00:00-04:00,53.04509832946455,53.04509832946455,50.520548742952336,51.78282165527344,43947600,0.0,0.0,0.0
2024-06-07 00:00:00-04:00,51.50670667711746,52.16743032151762,50.10637296448235,51.15169143676758,50248700,0.0,0.0,0.0
2024-06-10 00:00:00-04:00,49.82038406077002,53.82416129497089,49.72176663419157,53.202884674072266,43759400,0.0,0.0,0.0
2024-06-11 00:00:00-04:00,52.640780936058896,53.725546345342394,50.98404571186095,53.419837951660156,37695700,0.0,0.0,0.0
2024-06-12 00:00:00-04:00,56.45718189180396,58.62671627146126,56.023276520620506,57.90682601928711,73759300,0.0,0.0,0.0
2024-06-13 00:00:00-04:00,59.2381320976262,60.63846946258806,57.49264314369671,60.01719284057617,45660700,0.0,0.0,0.0
2024-06-14 00:00:00-04:00,58.13364326026399,59.71148446989461,57.541949985249865,59.26771545410156,39112000,0.0,0.0,0.0
2024-06-17 00:00:00-04:00,60.15525252237505,62.275480140616644,58.13364232932499,61.8021240234375,54196500,0.0,0.0,0.0
2024-06-18 00:00:00-04:00,62.54173686133577,65.27338118985703,62.22616862911838,64.33653259277344,47069100,0.0,0.0,0.0
2024-06-20 00:00:00-04:00,64.61265412446724,64.91836625838869,57.97585759696558,59.18882369995117,60852900,0.0,0.0,0.0
2024-06-21 00:00:00-04:00,57.61097851839564,59.34660755709361,55.25407663870322,57.39402770996094,50012300,0.0,0.0,0.0
2024-06-24 00:00:00-04:00,55.66826358285927,56.69386224201819,52.295622851128606,52.482994079589844,54326400,0.0,0.0,0.0
2024-06-25 00:00:00-04:00,53.62914954513871,54.83563356620868,51.769978251057324,54.687294006347656,43610200,0.149,0.0,0.0
2024-06-26 00:00:00-04:00,54.54884835923988,55.597105326828505,52.26444090873479,54.173057556152344,41093400,0.0,0.0,0.0
2024-06-27 00:00:00-04:00,53.72804499867152,54.96419544934114,52.23477314170082,53.203914642333984,35417000,0.0,0.0,0.0
2024-06-28 00:00:00-04:00,54.262055206093166,57.93095234566541,53.490698587780976,54.74662780761719,55584600,0.0,0.0,0.0
2024-07-01 00:00:00-04:00,54.74662780761719,54.93452130446896,51.671085104957925,54.74662780761719,43335000,0.0,0.0,0.0
2024-07-02 00:00:00-04:00,53.757718421153115,57.1101582774893,53.67860297121334,56.96181869506836,45011700,0.0,0.0,0.0
2024-07-03 00:00:00-04:00,57.456272900605086,60.83838258138768,56.54646795652194,59.72090148925781,40242700,0.0,0.0,0.0
2024-07-05 00:00:00-04:00,61.17461518461509,61.688854233849646,59.12755030401837,60.13624954223633,38395400,0.0,0.0,0.0
2024-07-08 00:00:00-04:00,61.5701832381753,63.785366622613665,61.510850427766556,63.597469329833984,42861600,0.0,0.0,0.0
2024-07-09 00:00:00-04:00,64.4083866290105,65.41708971997306,61.72841309672512,63.53813934326172,41789800,0.0,0.0,0.0
2024-07-10 00:00:00-04:00,65.15995817721162,68.23550092389203,64.28971102650692,67.83003997802734,48280800,0.0,0.0,0.0
2024-07-11 00:00:00-04:00,69.23431889193103,69.3035430177119,60.54170772386126,61.30317687988281,75368500,0.0,0.0,0.0
2024-07-12 00:00:00-04:00,62.143752730844376,66.55434020175244,60.966938914347246,63.231563568115234,51046400,0.0,0.0,0.0
2024-07-15 00:00:00-04:00,64.2204872567927,66.02032191670489,62.35142470463933,63.42934799194336,48228700,0.0,0.0,0.0
2024-07-16 00:00:00-04:00,64.29959591157241,64.86328019239626,61.54051108475147,64.57649993896484,39846400,0.0,0.0,0.0
2024-07-17 00:00:00-04:00,57.95073145681275,58.642976461743636,50.652501932562664,50.978843688964844,99429800,0.0,0.0,0.0
2024-07-18 00:00:00-04:00,53.55992839626352,53.569815940334976,48.57576870436416,51.08762741088867,94172600,0.0,0.0,0.0
2024-07-19 00:00:00-04:00,51.206293663401354,51.78975681108584,46.23202559288512,46.47925567626953,75969100,0.0,0.0,0.0
2024-07-22 00:00:00-04:00,49.495460123353865,52.36333049437916,48.2692010673137,52.34355163574219,73675300,0.0,0.0,0.0
2024-07-23 00:00:00-04:00,49.94047977463013,51.493084487611206,49.44601957884171,49.97014617919922,50181600,0.0,0.0,0.0
2024-07-24 00:00:00-04:00,47.893415006144856,48.24942695174442,41.78188666650424,42.424686431884766,90534800,0.0,0.0,0.0
2024-07-25 00:00:00-04:00,41.050084318499124,43.21582241805501,36.97573330947338,39.33925247192383,143325900,0.0,0.0,0.0
2024-07-26 00:00:00-04:00,41.772001533198896,42.52357941650418,40.25895067707872,41.455543518066406,82759200,0.0,0.0,0.0
2024-07-29 00:00:00-04:00,42.88947703275012,44.501418353848244,40.802854368569456,41.346763610839844,80788400,0.0,0.0,0.0
2024-07-30 00:00:00-04:00,41.910446512309825,42.197230553762054,36.37249015366993,36.827396392822266,108596000,0.0,0.0,0.0
2024-07-31 00:00:00-04:00,41.83133057745573,44.26407376371696,40.961079602212436,43.89817428588867,96880500,0.0,0.0,0.0
2024-08-01 00:00:00-04:00,41.58410102599633,42.938920883847665,33.04971713105749,34.612213134765625,163864400,0.0,0.0,0.0
2024-08-02 00:00:00-04:00,30.221407225160164,31.239995927296732,27.828219755634706,29.014925003051758,198233900,0.0,0.0,0.0
2024-08-05 00:00:00-04:00,23.259408669897343,29.815950207312323,23.23962980885754,27.580989837646484,220042200,0.0,0.0,0.0
2024-08-06 00:00:00-04:00,28.283122670925348,30.458746331017515,26.868966254446697,28.263343811035156,137309500,0.0,0.0,0.0
2024-08-07 00:00:00-04:00,30.97298523356266,31.58611668392937,25.65259455071918,25.92949104309082,146256500,0.0,0.0,0.0
2024-08-08 00:00:00-04:00,28.25345731092755,31.24988699124459,26.57229365646093,31.11143684387207,149988600,0.0,0.0,0.0
2024-08-09 00:00:00-04:00,30.369744637949587,31.43778048280354,29.2522654137014,30.66642189025879,96949800,0.0,0.0,0.0
2024-08-12 00:00:00-04:00,30.765313472526856,32.2289151749629,29.895062486169913,31.061988830566406,89135100,0.0,0.0,0.0
2024-08-13 00:00:00-04:00,32.29814370039006,35.03745396533136,31.833349853588153,34.88911437988281,103380000,0.0,0.0,0.0
2024-08-14 00:00:00-04:00,35.77914034820435,36.234042826495326,32.90138213715988,34.661659240722656,112421600,0.0,0.0,0.0
2024-08-15 00:00:00-04:00,36.936177804932,40.02161236738527,36.45160889035043,39.47770309448242,107522700,0.0,0.0,0.0
2024-08-16 00:00:00-04:00,38.36022256397333,39.78426655749283,37.64819868099764,39.2898063659668,82364600,0.0,0.0,0.0
2024-08-19 00:00:00-04:00,38.84479262034792,41.28742724794341,37.470193849694134,41.13908767700195,77684200,0.0,0.0,0.0
2024-08-20 00:00:00-04:00,40.59517942929852,41.45553907362403,38.6667840010392,39.645816802978516,83644600,0.0,0.0,0.0
2024-08-21 00:00:00-04:00,40.298505274895426,41.89066768198346,39.88316052822821,41.26764678955078,83611500,0.0,0.0,0.0
2024-08-22 00:00:00-04:00,42.03900428245429,42.4049075443277,36.69883641915383,37.09440231323242,107889900,0.0,0.0,0.0
2024-08-23 00:00:00-04:00,38.72612201496689,40.75340804393357,38.16243769892328,39.95238494873047,87128100,0.0,0.0,0.0
2024-08-26 00:00:00-04:00,39.30957907565504,39.84359690433046,36.50104547633362,36.95594787597656,86603000,0.0,0.0,0.0
2024-08-27 00:00:00-04:00,36.105483269003976,38.53823039584501,35.12645415506401,38.06354904174805,74033300,0.0,0.0,0.0
2024-08-28 00:00:00-04:00,37.667977749451445,38.42944690130018,34.899001416094514,36.19448471069336,101998500,0.0,0.0,0.0
2024-08-29 00:00:00-04:00,36.649395544282854,38.49867584602141,35.23523890988501,35.789031982421875,97333200,0.0,0.0,0.0
2024-08-30 00:00:00-04:00,38.251440019056545,38.78545792152708,36.649390084076735,38.36022186279297,85280800,0.0,0.0,0.0
2024-09-03 00:00:00-04:00,36.39226684012311,36.40215815583554,29.074256885841553,29.736833572387695,140077900,0.0,0.0,0.0
2024-09-04 00:00:00-04:00,28.747915187677076,31.33888741707599,28.411682107078377,29.96428680419922,108759900,0.0,0.0,0.0
2024-09-05 00:00:00-04:00,28.728138382332848,30.854318863565997,28.510576561883536,29.42038345336914,100075900,0.0,0.0,0.0
2024-09-06 00:00:00-04:00,28.78747360387801,28.846808300059667,25.217470336907137,25.672372817993164,156147600,0.0,0.0,0.0
2024-09-09 00:00:00-04:00,26.87885519588558,27.42276062946951,25.86026656464354,27.12608528137207,84474500,0.0,0.0,0.0
2024-09-10 00:00:00-04:00,27.234869378727733,28.075450230043316,25.94927169596881,28.0358943939209,81557500,0.0,0.0,0.0
2024-09-11 00:00:00-04:00,28.569907713445176,32.06079526913069,26.779962445329744,31.863014221191406,143140900,0.0,0.0,0.0
2024-09-12 00:00:00-04:00,31.398221078079516,32.32780484798502,30.013732966840443,31.457555770874023,98895800,0.0,0.0,0.0
2024-09-13 00:00:00-04:00,32.15968735767945,33.346392426002915,32.00146026673175,33.05960464477539,78147300,0.0,0.0,0.0
2024-09-16 00:00:00-04:00,31.675115910315174,32.278357895161506,30.498302114790253,31.80367660522461,79670100,0.0,0.0,0.0
2024-09-17 00:00:00-04:00,32.94093645591179,33.18816653019756,31.012541121996446,31.80367660522461,86913700,0.0,0.0,0.0
2024-09-18 00:00:00-04:00,32.17947108753364,33.623293982578325,30.70597801489763,30.794981002807617,113735500,0.0,0.0,0.0
2024-09-19 00:00:00-04:00,34.295757152635844,36.03625526374287,33.5046216475872,34.73088073730469,123984300,0.0,0.0,0.0
2024-09-20 00:00:00-04:00,33.67273622321139,34.01886059951015,31.685008035058633,33.17827606201172,108589600,0.0,0.0,0.0
2024-09-23 00:00:00-04:00,33.593623226439604,33.99908039164176,32.82226284031412,33.54417419433594,59731600,0.0,0.0,0.0
2024-09-24 00:00:00-04:00,34.51503893881536,35.3670181128592,33.26679293020189,34.74289321899414,83369600,0.06,0.0,0.0
2024-09-25 00:00:00-04:00,34.38625119795308,36.11992855847301,34.326813249941395,35.406646728515625,73587500,0.0,0.0,0.0
2024-09-26 00:00:00-04:00,39.82504348716567,40.13214960700666,36.36759408474286,39.280174255371094,138171800,0.0,0.0,0.0
2024-09-27 00:00:00-04:00,39.6269092352241,39.63681429972162,36.75395680402373,37.30873489379883,85253500,0.0,0.0,0.0
2024-09-30 00:00:00-04:00,35.91188956784306,37.06106988284937,34.72308143322212,36.3378791809082,74316700,0.0,0.0,0.0
2024-10-01 00:00:00-04:00,36.24871669109574,36.64498730949214,32.43462805027632,33.514461517333984,124928300,0.0,0.0,0.0
2024-10-02 00:00:00-04:00,33.53427139459623,35.7137522211355,32.85070855108096,34.63391876220703,81729100,0.0,0.0,0.0
2024-10-03 00:00:00-04:00,33.7522179165613,36.26852743159097,33.66305722416682,34.88158416748047,86857200,0.0,0.0,0.0
2024-10-04 00:00:00-04:00,36.962004112929655,37.1799495625764,35.11935207113473,36.3378791809082,100846900,0.0,0.0,0.0
2024-10-07 00:00:00-04:00,35.58496132615804,36.89265275798347,35.23822739518081,36.07039260864258,73150200,0.0,0.0,0.0
2024-10-08 00:00:00-04:00,36.08030268156222,37.4771550008574,35.327392993011536,37.11060333251953,66629700,0.0,0.0,0.0
2024-10-09 00:00:00-04:00,36.94218643406035,38.398472754708884,36.18927305466649,38.249874114990234,67182800,0.0,0.0,0.0
2024-10-10 00:00:00-04:00,36.75395930960926,38.06164710118983,36.020863555086386,37.47715377807617,79999000,0.0,0.0,0.0
2024-10-11 00:00:00-04:00,36.585546200626965,38.68577144370338,36.5161994081044,38.3093147277832,58434500,0.0,0.0,0.0
2024-10-14 00:00:00-04:00,39.072136587644316,40.677029356173655,38.98297587828158,40.439266204833984,69661800,0.0,0.0,0.0
2024-10-15 00:00:00-04:00,40.11234131494459,40.80580921673138,33.32623070919076,34.14849090576172,131664200,0.0,0.0,0.0
2024-10-16 00:00:00-04:00,35.416545054276966,35.416545054276966,33.68286802364803,34.13857650756836,70233000,0.0,0.0,0.0
2024-10-17 00:00:00-04:00,36.82330171394208,37.011531941839515,34.88158416748047,34.88158416748047,97549000,0.0,0.0,0.0
2024-10-18 00:00:00-04:00,35.91188352270361,35.991139148591586,34.52494030259408,34.94102478027344,56704300,0.0,0.0,0.0
2024-10-21 00:00:00-04:00,34.51503857046023,35.05000275949241,33.4153912193774,34.7627067565918,59115800,0.0,0.0,0.0
2024-10-22 00:00:00-04:00,34.07914378204589,34.70326488754565,33.5342707515224,34.36643600463867,51493100,0.0,0.0,0.0
2024-10-23 00:00:00-04:00,34.08904836399825,34.554665754719984,31.988823242198972,33.484737396240234,81658300,0.0,0.0,0.0
2024-10-24 00:00:00-04:00,34.25746122121476,34.415968690210846,33.217251940617004,33.97016525268555,60128300,0.0,0.0,0.0
2024-10-25 00:00:00-04:00,34.861770855156614,36.52610128883781,34.841956947717975,34.950931549072266,82300500,0.0,0.0,0.0
2024-10-28 00:00:00-04:00,34.97074986008569,35.75338229643828,34.42588056381983,35.02028274536133,51661100,0.0,0.0,0.0
2024-10-29 00:00:00-04:00,35.129255651895875,38.091368908363826,34.61410535602681,37.62575149536133,72288200,0.0,0.0,0.0
2024-10-30 00:00:00-04:00,34.643828280703126,35.367018955665266,33.59371377479162,33.692779541015625,89440100,0.0,0.0,0.0
2024-10-31 00:00:00-04:00,32.70210806000118,32.71201690448683,28.957366017206144,29.809345245361328,135437800,0.0,0.0,0.0
2024-11-01 00:00:00-04:00,30.40374873455701,31.53311512091324,30.096638806342828,30.542442321777344,80726000,0.0,0.0,0.0
2024-11-04 00:00:00-05:00,30.324496400667567,31.37460908765683,29.730092315548898,30.06692123413086,60422400,0.0,0.0,0.0
2024-11-05 00:00:00-05:00,30.076825998435307,31.196285400724214,29.967851388726718,31.087310791015625,63174900,0.0,0.0,0.0
2024-11-06 00:00:00-05:00,32.939866024965696,34.178206852971925,32.09779577356798,33.80175018310547,97893100,0.0,0.0,0.0
2024-11-07 00:00:00-05:00,35.43636637746934,36.03076854360806,35.109442540711285,35.87226104736328,77945800,0.0,0.0,0.0
2024-11-08 00:00:00-05:00,35.22832578836633,35.94160762768043,34.51504016993544,35.0797233581543,62666300,0.0,0.0,0.0
2024-11-11 00:00:00-05:00,34.02961288381207,34.08905461878416,31.186382695532078,32.464351654052734,99155700,0.0,0.0,0.0
2024-11-12 00:00:00-05:00,32.0680768999496,32.24639830306542,30.096638290223837,31.37460708618164,75694800,0.0,0.0,0.0
2024-11-13 00:00:00-05:00,30.54244082439583,30.92880259245827,29.195125278966156,29.413074493408203,92269200,0.0,0.0,0.0
2024-11-14 00:00:00-05:00,30.30467936315905,30.552347548938673,29.10596436141537,29.32391357421875,68994200,0.0,0.0,0.0
2024-11-15 00:00:00-05:00,27.748745566942603,28.22426806108492,26.183482606555323,26.41133689880371,113560200,0.0,0.0,0.0
2024-11-18 00:00:00-05:00,26.450962946686534,27.570422312871724,26.054692338547564,27.411914825439453,70256700,0.0,0.0,0.0
2024-11-19 00:00:00-05:00,27.114716068367933,27.768559982106254,26.837326996955916,27.590238571166992,57030600,0.0,0.0,0.0
2024-11-20 00:00:00-05:00,27.084991558252977,27.302938870314854,25.757489999425616,26.876949310302734,90911700,0.0,0.0,0.0
2024-11-21 00:00:00-05:00,27.788369518861,28.65025563151354,26.223106669880007,28.224266052246094,106013200,0.0,0.0,0.0
2024-11-22 00:00:00-05:00,27.986504822097395,28.42240135548249,27.580329151065246,28.224266052246094,52604100,0.0,0.0,0.0
2024-11-25 00:00:00-05:00,29.304098996775114,29.819249264928526,28.47193376039138,29.05643081665039,70536000,0.0,0.0,0.0
2024-11-26 00:00:00-05:00,29.759811018322797,29.96785139373759,27.203873449112294,27.867624282836914,73204200,0.0,0.0,0.0
2024-11-27 00:00:00-05:00,27.421821349476467,27.491168137945564,25.341408247612176,26.728349685668945,84235700,0.0,0.0,0.0
2024-11-29 00:00:00-05:00,27.29303357081088,28.769137634590802,27.24350068901781,27.798276901245117,54303400,0.0,0.0,0.0
2024-12-02 00:00:00-05:00,28.29361320049878,30.512719932934143,28.19454554762362,29.918317794799805,89389800,0.0,0.0,0.0
2024-12-03 00:00:00-05:00,29.30410102813932,29.997572736383407,29.125779623758934,29.452701568603516,59730300,0.0,0.0,0.0
2024-12-04 00:00:00-05:00,31.245820023995513,31.265632043300226,29.95794429127161,30.59197425842285,67498800,0.0,0.0,0.0
2024-12-05 00:00:00-05:00,30.463188303446845,30.582069869695257,28.610629354075442,28.848392486572266,59282100,0.0,0.0,0.0
2024-12-06 00:00:00-05:00,28.92764467207055,29.581488527232025,28.63044171727824,29.333820343017578,49152300,0.0,0.0,0.0
2024-12-09 00:00:00-05:00,28.798857541663242,30.037198522227076,28.34314896780377,28.957365036010742,54963000,0.0,0.0,0.0
2024-12-10 00:00:00-05:00,29.15550113748163,29.254568796518537,26.3122693377821,26.807605743408203,77681700,0.0,0.0,0.0
2024-12-11 00:00:00-05:00,28.065760075203002,29.35363394684244,27.53079775098113,28.848392486572266,77277400,0.0,0.0,0.0
2024-12-12 00:00:00-05:00,28.184638774416378,28.56109356505173,27.48126018224326,28.194543838500977,59937600,0.0,0.0,0.0
2024-12-13 00:00:00-05:00,30.086732393899414,31.017963422905208,29.214939311545418,30.413654327392578,103693900,0.0,0.0,0.0
2024-12-16 00:00:00-05:00,30.82973911922259,32.642670311850566,30.106546521522358,32.20677185058594,85469700,0.0,0.0,0.0
2024-12-17 00:00:00-05:00,31.285445059958594,31.790688384207993,30.265051457310797,30.839641571044922,64499000,0.0,0.0,0.0
2024-12-18 00:00:00-05:00,31.483581325347025,32.17705113093153,26.748164802324183,27.570423126220703,102912200,0.0,0.0,0.0
2024-12-19 00:00:00-05:00,27.709116831584186,27.748744649565158,25.816931982835158,26.0546932220459,86520100,0.0,0.0,0.0
2024-12-20 00:00:00-05:00,25.57917101824483,28.10538775490256,25.35131673108307,27.045366287231445,108080200,0.0,0.0,0.0
2024-12-23 00:00:00-05:00,27.70801314368731,29.565811959251874,27.67821011072773,29.396921157836914,79330900,0.077,0.0,0.0
2024-12-24 00:00:00-05:00,30.06255078182733,30.370527471078553,29.466465461251776,30.28111457824707,39963700,0.0,0.0,0.0
2024-12-26 00:00:00-05:00,29.70489714579624,30.89706770408288,29.56581127546052,30.370525360107422,45184100,0.0,0.0,0.0
2024-12-27 00:00:00-05:00,29.784375951121984,29.983071681770937,28.403446497310828,29.49626922607422,59316300,0.0,0.0,0.0
2024-12-30 00:00:00-05:00,28.055728298880407,28.59220560376609,27.141731401406982,27.757686614990234,64859000,0.0,0.0,0.0
2024-12-31 00:00:00-05:00,28.01599170102321,28.383576336648254,26.754278178952582,27.131797790527344,61199500,0.0,0.0,0.0
2025-01-02 00:00:00-05:00,27.94644605837084,28.860442975288812,26.863560239917526,27.48944854736328,80996300,0.0,0.0,0.0
2025-01-03 00:00:00-05:00,28.135207347087366,29.923463207563326,27.97625152325433,29.62541961669922,72119600,0.0,0.0,0.0
2025-01-06 00:00:00-05:00,31.60243477485362,33.410560612277074,31.60243477485362,32.27799987792969,95159500,0.0,0.0,0.0
2025-01-07 00:00:00-05:00,33.35094825406091,33.50990406818686,30.400328822582214,30.946739196777344,79205700,0.0,0.0,0.0
2025-01-08 00:00:00-05:00,30.599023700846075,30.80765439841469,28.989595553444012,29.983070373535156,69523500,0.0,0.0,0.0
2025-01-10 00:00:00-05:00,28.870378375863858,28.900183303286745,27.26095019308561,27.876903533935547,85395000,0.0,0.0,0.0
2025-01-13 00:00:00-05:00,26.267476401585657,27.688145785539735,26.078715643497986,27.668275833129883,68286400,0.0,0.0,0.0
2025-01-14 00:00:00-05:00,28.28422665479315,28.771029075634864,27.002645158067573,27.936511993408203,79759400,0.0,0.0,0.0
2025-01-15 00:00:00-05:00,29.456529818189182,30.261243940557584,29.108813231147565,29.744638442993164,69461300,0.0,0.0,0.0
2025-01-16 00:00:00-05:00,31.254716918915893,31.51302059943208,29.794309616088867,29.794309616088867,78881100,0.0,0.0,0.0
2025-01-17 00:00:00-05:00,31.820998561949615,32.49656177012277,31.27458814675817,32.27799987792969,69688900,0.0,0.0,0.0
2025-01-21 00:00:00-05:00,33.112517501657315,34.30468425136276,32.2879315836452,33.47016525268555,60897500,0.0,0.0,0.0
2025-01-22 00:00:00-05:00,34.4636415368279,35.91411771300684,34.185469788703145,34.9206428527832,57709400,0.0,0.0,0.0
2025-01-23 00:00:00-05:00,33.221796402520724,34.692138671875,32.79460192948741,34.692138671875,44900600,0.0,0.0,0.0
2025-01-24 00:00:00-05:00,34.712008963509575,34.712008963509575,32.09917290675988,32.436954498291016,60111500,0.0,0.0,0.0
2025-01-27 00:00:00-05:00,27.47951358409628,27.89677308754927,23.68444004525868,24.8964786529541,198431800,0.0,0.0,0.0
2025-01-28 00:00:00-05:00,25.27400117427477,25.631650838245992,23.59502811666357,25.204458236694336,103185300,0.0,0.0,0.0
2025-01-29 00:00:00-05:00,25.9396304262493,26.128389294235383,24.687851816132127,25.512435913085938,94141700,0.0,0.0,0.0
2025-01-30 00:00:00-05:00,26.406559045443753,27.48944668545401,25.96942962046371,26.97283935546875,87140400,0.0,0.0,0.0
2025-01-31 00:00:00-05:00,27.44970729108193,29.05913726570919,26.52577733896744,26.84368896484375,102136600,0.0,0.0,0.0
2025-02-03 00:00:00-05:00,24.638176064051994,26.317149128060393,24.151373604231217,25.44289207458496,103914300,0.0,0.0,0.0
2025-02-04 00:00:00-05:00,25.174652424134546,26.426430941317815,25.035566553859585,26.07871437072754,60520500,0.0,0.0,0.0
2025-02-05 00:00:00-05:00,25.91975953578168,27.76762340219632,25.37334911469708,27.519254684448242,70330700,0.0,0.0,0.0
2025-02-06 00:00:00-05:00,26.992710053764135,27.61859833616885,26.545645641401638,27.50931739807129,59735100,0.0,0.0,0.0
2025-02-07 00:00:00-05:00,27.688143798411602,28.095468319065816,25.631649349253887,26.158191680908203,87930800,0.0,0.0,0.0
2025-02-10 00:00:00-05:00,26.744342912607205,27.37023123142018,26.72447296092352,27.171537399291992,53330500,0.0,0.0,0.0
2025-02-11 00:00:00-05:00,26.505909270723407,27.71794790416547,26.505909270723407,27.221210479736328,43880500,0.0,0.0,0.0
2025-02-12 00:00:00-05:00,26.009171760384916,27.36029815673828,25.78067300067895,27.36029815673828,57999300,0.0,0.0,0.0
2025-02-13 00:00:00-05:00,27.310622504871557,28.363705280817335,27.221209619707,28.28422737121582,61026300,0.0,0.0,0.0
2025-02-14 00:00:00-05:00,28.304098627521004,28.631945256608006,27.92657901323106,28.363706588745117,43089600,0.0,0.0,0.0
2025-02-18 00:00:00-05:00,29.009465493857583,30.03274334543392,28.522661164679068,29.794309616088867,60222200,0.0,0.0,0.0
2025-02-19 00:00:00-05:00,29.993007510911383,31.68191368985484,29.56581300429711,31.2646541595459,58412700,0.0,0.0,0.0
2025-02-20 00:00:00-05:00,31.850806089741127,32.42701955075566,30.499679643491987,31.493154525756836,50903200,0.0,0.0,0.0
2025-02-21 00:00:00-05:00,31.701781624548595,31.751454608010423,28.214684749267608,28.62200927734375,61966500,0.0,0.0,0.0
2025-02-24 00:00:00-05:00,28.969725453215833,29.069073313694368,26.486038415766583,26.585386276245117,63724100,0.0,0.0,0.0
2025-02-25 00:00:00-05:00,26.486039185286472,26.744342872074238,24.658045321021444,24.906414031982422,90907500,0.0,0.0,0.0
2025-02-26 00:00:00-05:00,25.820410395955516,26.823820193546908,25.353477911788428,26.118453979492188,75869500,0.0,0.0,0.0
2025-02-27 00:00:00-05:00,26.605257184163065,26.72447310510257,21.588208051138803,21.608078002929688,144841600,0.0,0.0,0.0
2025-02-28 00:00:00-05:00,21.657750319359405,23.068484639641536,20.882841172449975,22.581682205200195,110939400,0.0,0.0,0.0
2025-03-03 00:00:00-05:00,23.56522253295515,23.57515750874785,19.58138819542212,20.376169204711914,141822100,0.0,0.0,0.0
2025-03-04 00:00:00-05:00,20.14767034637099,22.11475006591027,18.87602187474917,20.515254974365234,154119800,0.0,0.0,0.0
2025-03-05 00:00:00-05:00,21.111340972923298,22.015402952406838,19.988715204355724,21.806774139404297,117702400,0.0,0.0,0.0
2025-03-06 00:00:00-05:00,19.58138826813236,20.88284167826499,18.885957014187234,19.104520797729492,164277600,0.0,0.0,0.0
2025-03-07 00:00:00-05:00,19.372759013707057,20.95238413103232,18.627652897795247,20.74375343322754,139349200,0.0,0.0,0.0
2025-03-10 00:00:00-04:00,19.21380340163376,19.670800914780447,16.98842000543922,17.87261199951172,169215200,0.0,0.0,0.0
2025-03-11 00:00:00-04:00,17.93221952623711,18.379283947793205,16.402269307283788,17.296396255493164,161267000,0.0,0.0,0.0
2025-03-12 00:00:00-04:00,18.419025316321072,18.98530569878156,17.783200100045345,18.18058967590332,137654500,0.0,0.0,0.0
2025-03-13 00:00:00-04:00,18.26006678697031,19.14426068608357,17.46528767025344,17.971960067749023,117160200,0.0,0.0,0.0
2025-03-14 00:00:00-04:00,18.935630005193737,19.79995395364759,18.86608706926468,19.670801162719727,99718700,0.0,0.0,0.0
2025-03-17 00:00:00-04:00,19.38269418519438,21.141145091294323,19.372759209493477,20.654342651367188,82794200,0.0,0.0,0.0
2025-03-18 00:00:00-04:00,20.058257141215282,20.266885943808276,19.39262893619032,19.79995346069336,79140900,0.0,0.0,0.0
2025-03-19 00:00:00-04:00,19.760214450473892,21.230558690204308,19.33301995551253,20.24701690673828,83249700,0.0,0.0,0.0
2025-03-20 00:00:00-04:00,19.48204182155956,20.435776738960964,19.462171870387984,19.79995346069336,80380600,0.0,0.0,0.0
2025-03-21 00:00:00-04:00,18.697196369283724,19.362824594418502,18.250133823833817,19.15419578552246,84348300,0.0,0.0,0.0
2025-03-24 00:00:00-04:00,20.346364872604248,21.230558794994153,20.23708392549313,20.862972259521484,91671300,0.0,0.0,0.0
2025-03-25 00:00:00-04:00,20.758333058058966,20.947679883869007,20.279984983073245,20.47929573059082,57784400,0.065,0.0,0.0
2025-03-26 00:00:00-04:00,20.230156358917185,20.439434834766406,18.13738300514297,18.725353240966797,94328400,0.0,0.0,0.0
2025-03-27 00:00:00-04:00,18.10748368717075,18.346657706003953,17.300271136010412,17.698894500732422,103112800,0.0,0.0,0.0
2025-03-28 00:00:00-04:00,17.27037424736848,17.5294799182836,15.685844656517018,15.974847793579102,138232400,0.0,0.0,0.0
2025-03-31 00:00:00-04:00,15.018150126130802,15.925019044508081,14.350455239995044,15.895122528076172,111345600,0.0,0.0,0.0
2025-04-01 00:00:00-04:00,15.67587918999155,15.934984866783093,14.77897609388928,15.895122528076172,106085000,0.0,0.0,0.0
2025-04-02 00:00:00-04:00,15.137736600683398,16.831887360707203,14.978287251560182,16.204055786132812,141655200,0.0,0.0,0.0
2025-04-03 00:00:00-04:00,13.762485969296437,14.071418856399118,11.360776975585509,11.370742797851562,302517400,0.0,0.0,0.0
2025-04-04 00:00:00-04:00,10.015421596168231,10.394114260893412,8.151855737142006,8.699962615966797,499158100,0.0,0.0,0.0
2025-04-07 00:00:00-04:00,7.85288796715422,10.942221450805665,7.205124280170803,9.118517875671387,723467300,0.0,0.0,0.0
2025-04-08 00:00:00-04:00,10.37418293398558,10.802703769043243,7.57385114933806,8.221614837646484,488735500,0.0,0.0,0.0
2025-04-09 00:00:00-04:00,8.450823712561299,13.064894097989674,8.211649671728768,12.726064682006836,787748800,0.0,0.0,0.0
2025-04-10 00:00:00-04:00,10.88242920629534,11.10167255012136,8.321271738921313,9.596867561340332,686331800,0.0,0.0,0.0
2025-04-11 00:00:00-04:00,9.317830841840046,10.354252587797594,8.879344170246593,10.194802284240723,412972900,0.0,0.0,0.0
2025-04-14 00:00:00-04:00,11.111636869103616,11.121602691143487,9.935697429798923,10.433977127075195,358849500,0.0,0.0,0.0
2025-04-15 00:00:00-04:00,10.563529968261719,10.98208499023693,10.374183150971785,10.563529968261719,230001400,0.0,0.0,0.0
2025-04-16 00:00:00-04:00,9.098586694195626,9.716453357770812,8.301339049120442,9.30786418914795,362439300,0.0,0.0,0.0
2025-04-17 00:00:00-04:00,9.517142579565649,9.517142579565649,8.869378391197154,9.168346405029297,233659100,0.0,0.0,0.0
2025-04-21 00:00:00-04:00,8.640169441362831,8.709928290129008,8.121958135119696,8.680031776428223,255318100,0.0,0.0,0.0
2025-04-22 00:00:00-04:00,8.929172232114828,9.367657948473516,8.819551040623432,9.148415565490723,249211900,0.0,0.0,0.0
2025-04-23 00:00:00-04:00,10.543597932355514,10.862496622812325,10.065249896670297,10.254595756530762,368456100,0.0,0.0,0.0
2025-04-24 00:00:00-04:00,11.011981355487706,12.048403074216367,10.812669669269326,11.958712577819824,339636700,0.0,0.0,0.0
2025-04-25 00:00:00-04:00,11.589986291952414,12.546683383346387,11.470399274327308,12.2975435256958,274438500,0.0,0.0,0.0
2025-04-28 00:00:00-04:00,12.118162160202356,12.486889024406675,11.410604947704039,12.24771499633789,203468900,0.0,0.0,0.0
2025-04-29 00:00:00-04:00,11.769366631613797,12.227783981922729,11.580019818229086,11.819193840026855,184045100,0.0,0.0,0.0
2025-04-30 00:00:00-04:00,10.952188442725179,12.167991272838893,10.713014395933582,12.118163108825684,229393200,0.0,0.0,0.0
2025-05-01 00:00:00-04:00,12.496855373140056,12.765926878851259,12.00854147432322,12.058369636535645,203349500,0.0,0.0,0.0
2025-05-02 00:00:00-04:00,12.845650767043248,13.642897511765348,12.845650767043248,13.244274139404297,223410600,0.0,0.0,0.0
2025-05-05 00:00:00-04:00,12.885513237301284,13.363861289072709,12.825719255633308,13.00510025024414,127572300,0.0,0.0,0.0
2025-05-06 00:00:00-04:00,12.28757706161929,12.905443762279619,12.078299554105866,12.596510887145996,158548700,0.0,0.0,0.0
2025-05-07 00:00:00-04:00,12.566613385066985,13.353895253831174,12.18792070826492,13.234308242797852,189249300,0.0,0.0,0.0
2025-05-08 00:00:00-04:00,13.79238282708169,14.290662548,13.333965445821121,13.613001823425293,203277000,0.0,0.0,0.0
2025-05-09 00:00:00-04:00,14.161109186280452,14.420214859733619,13.692725999714053,14.061452865600586,149644500,0.0,0.0,0.0
2025-05-12 00:00:00-04:00,16.83188617384406,17.40989049885557,16.443228650359817,17.071060180664062,263806000,0.0,0.0,0.0
2025-05-13 00:00:00-04:00,17.300273385762402,18.795112623450546,17.22054870245049,18.536006927490234,212931800,0.0,0.0,0.0
2025-05-14 00:00:00-04:00,18.904730792618317,19.303356066054874,18.36658971473684,18.775178909301758,179343100,0.0,0.0,0.0
2025-05-15 00:00:00-04:00,18.256966751201485,18.84493691214227,17.758687082660895,18.406450271606445,141287600,0.0,0.0,0.0
2025-05-16 00:00:00-04:00,18.466246523172128,18.536005377639004,17.698895322464026,18.32672691345215,113068600,0.0,0.0,0.0
2025-05-19 00:00:00-04:00,17.090992978868627,18.14734538895564,17.031199948316655,17.997861862182617,123632000,0.0,0.0,0.0
2025-05-20 00:00:00-04:00,17.559378321033847,17.938070075163548,17.379997316156402,17.908172607421875,84252500,0.0,0.0,0.0
2025-05-21 00:00:00-04:00,17.499581960383853,18.52603879315104,16.592713088057813,16.941509246826172,149964800,0.0,0.0,0.0
2025-05-22 00:00:00-04:00,16.911611973764956,17.370030276416667,16.423298106252727,16.453195571899414,144981100,0.0,0.0,0.0
2025-05-23 00:00:00-04:00,15.157668143580743,15.944950012428686,15.048046954386805,15.675878524780273,179062600,0.0,0.0,0.0
2025-05-27 00:00:00-04:00,16.682403818705748,17.44975499867197,16.293746268160906,17.230512619018555,136539700,0.0,0.0,0.0
2025-05-28 00:00:00-04:00,17.37003038516124,17.50954809081356,16.841853226813452,16.981372833251953,126785300,0.0,0.0,0.0
2025-05-29 00:00:00-04:00,18.11745117271238,18.147346739820666,16.841854387670736,17.140823364257812,179820200,0.0,0.0,0.0
2025-05-30 00:00:00-04:00,16.841854480402812,16.841854480402812,15.187565930185851,16.11436653137207,194058700,0.0,0.0,0.0
2025-06-02 00:00:00-04:00,16.00474220425192,17.041164813138003,15.984812462378004,16.84185218811035,103937000,0.0,0.0,0.0
2025-06-03 00:00:00-04:00,16.87175047583928,18.316760425089065,16.522954315404455,18.237035751342773,158644000,0.0,0.0,0.0
2025-06-04 00:00:00-04:00,18.61572950178645,19.193733865511064,18.157311199088355,19.02431869506836,146325300,0.0,0.0,0.0
2025-06-05 00:00:00-04:00,19.422943871581793,19.921223607335413,18.35662554119486,18.745283126831055,187397100,0.0,0.0,0.0
2025-06-06 00:00:00-04:00,19.33325224388903,19.88136106184662,19.08411239048637,19.114009857177734,114398700,0.0,0.0,0.0
2025-06-09 00:00:00-04:00,19.642184035194205,20.987539548746742,19.61228847095521,20.509191513061523,162686000,0.0,0.0,0.0
2025-06-10 00:00:00-04:00,20.768299156024337,22.023964295106765,20.618815618206828,21.814685821533203,142811000,0.0,0.0,0.0
2025-06-11 00:00:00-04:00,22.28307006112812,22.52224410265319,20.91778276903792,21.5655460357666,160395000,0.0,0.0,0.0
2025-06-12 00:00:00-04:00,21.166921127500245,21.99406534172979,21.01743759977899,21.615373611450195,100384500,0.0,0.0,0.0
2025-06-13 00:00:00-04:00,20.250085663613763,20.987539353635928,19.771737632375512,19.971050262451172,166989600,0.0,0.0,0.0
2025-06-16 00:00:00-04:00,20.75833158960563,22.143548504889132,20.71847020323644,21.824649810791016,121972300,0.0,0.0,0.0
2025-06-17 00:00:00-04:00,21.535648847217605,22.452483554431318,21.26657735796456,21.346302032470703,122379500,0.0,0.0,0.0
2025-06-18 00:00:00-04:00,21.645268582850296,22.302997607413005,21.15695472526805,21.535648345947266,113893800,0.0,0.0,0.0
2025-06-20 00:00:00-04:00,22.063824470335497,22.25317128823457,20.29991577992402,21.13702392578125,137078900,0.0,0.0,0.0
2025-06-23 00:00:00-04:00,21.10712916903682,21.904375957916304,20.210226056350834,21.505752563476562,125143700,0.0,0.0,0.0
2025-06-24 00:00:00-04:00,22.653418418166655,24.023021350795894,22.623426444998547,23.943044662475586,137608000,0.068,0.0,0.0
2025-06-25 00:00:00-04:00,24.392912693283197,24.59285536644894,23.863067850944873,24.572860717773438,107621600,0.0,0.0,0.0
2025-06-26 00:00:00-04:00,25.172687616935164,25.35263564704744,24.582858810142564,25.19268226623535,92382200,0.0,0.0,0.0
2025-06-27 00:00:00-04:00,25.202676336746812,25.83249440846949,24.272948075528156,25.102706909179688,113655600,0.0,0.0,0.0
2025-06-30 00:00:00-04:00,25.482595691600736,25.49259301571637,24.67283150618047,25.102706909179688,78035000,0.0,0.0,0.0
2025-07-01 00:00:00-04:00,24.37291766079532,25.16268910988898,23.573150794315957,24.702821731567383,107277300,0.0,0.0,0.0
2025-07-02 00:00:00-04:00,24.502881083149415,26.382334181579118,24.44289904458108,26.04243278503418,107157100,0.0,0.0,0.0
2025-07-03 00:00:00-04:00,26.392331254532774,26.71223799957766,26.222380557878356,26.42232322692871,62695800,0.0,0.0,0.0
2025-07-07 00:00:00-04:00,25.722527084919683,26.04243384604381,24.61285074561972,24.96274757385254,93297600,0.0,0.0,0.0
2025-07-08 00:00:00-04:00,25.622554203061377,27.022149058925116,25.352634081356992,26.362340927124023,90457500,0.0,0.0,0.0
2025-07-09 00:00:00-04:00,26.62226494879365,27.40203909804375,25.88248009751289,26.64225959777832,86818700,0.0,0.0,0.0
2025-07-10 00:00:00-04:00,27.382043751812745,27.72194514871833,26.652256243607365,27.362051010131836,87602500,0.0,0.0,0.0
2025-07-11 00:00:00-04:00,26.842201247738284,27.532001356977897,26.542287244819295,27.282073974609375,71855400,0.0,0.0,0.0
2025-07-14 00:00:00-04:00,26.632262579177482,26.762225892275897,25.312646239747203,26.4923038482666,99670600,0.0,0.0,0.0
2025-07-15 00:00:00-04:00,28.041851539030432,28.45173229357124,27.202095381728626,27.282073974609375,108926200,0.0,0.0,0.0
2025-07-16 00:00:00-04:00,26.592274624637962,27.04214278166927,24.902764937685024,27.02215003967285,125700900,0.0,0.0,0.0
2025-07-17 00:00:00-04:00,26.952169069437875,27.502010476555657,26.41232689362179,27.31206512451172,85334100,0.0,0.0,0.0
2025-07-18 00:00:00-04:00,27.651965609257267,27.891895669047564,26.752227408345014,27.32206153869629,68274300,0.0,0.0,0.0
2025-07-21 00:00:00-04:00,27.55199406171186,28.491721552068537,27.432029986139707,27.49201202392578,79860300,0.0,0.0,0.0
2025-07-22 00:00:00-04:00,27.112123825294706,27.272077200693936,25.33264014048495,26.312355041503906,118871600,0.0,0.0,0.0
2025-07-23 00:00:00-04:00,25.64254912887495,25.902473836156613,24.832784941401634,25.772512435913086,105639200,0.0,0.0,0.0
2025-07-24 00:00:00-04:00,25.652547663873605,25.7825109770463,24.94275477751167,25.612560272216797,77503300,0.0,0.0,0.0
2025-07-25 00:00:00-04:00,25.162690113571628,25.612560185657202,24.82278870506135,25.592565536499023,68037900,0.0,0.0,0.0
2025-07-28 00:00:00-04:00,26.372337598180764,26.982161045605782,26.33235020694346,26.8721923828125,88108400,0.0,0.0,0.0
2025-07-29 00:00:00-04:00,27.402038832730046,28.15182100124355,26.492303287477228,27.02215003967285,101714500,0.0,0.0,0.0
2025-07-30 00:00:00-04:00,27.741940847738732,28.121829649186566,26.922179297144957,27.60198211669922,96772200,0.0,0.0,0.0
2025-07-31 00:00:00-04:00,26.692245626582178,26.732233016867493,24.192971762924472,24.97274398803711,133413800,0.0,0.0,0.0
2025-08-01 00:00:00-04:00,23.573150905660285,24.8227878321834,22.56344404021425,24.07300567626953,132665200,0.0,0.0,0.0
2025-08-04 00:00:00-04:00,24.58285796122887,25.17268674765306,24.232959237737376,24.992738723754883,85963800,0.0,0.0,0.0
2025-08-05 00:00:00-04:00,25.41261662406106,25.67254133369566,23.603142887644964,24.51287841796875,99733400,0.0,0.0,0.0
2025-08-06 00:00:00-04:00,23.833076173227532,24.112995537768896,22.943335270884685,23.9830322265625,103447500,0.0,0.0,0.0
2025-08-07 00:00:00-04:00,25.47259884962026,25.87248228784141,24.52287592219436,24.992738723754883,117228400,0.0,0.0,0.0
2025-08-08 00:00:00-04:00,25.152692320528757,25.82249780049524,24.89276760669755,25.702531814575195,71389900,0.0,0.0,0.0
2025-08-11 00:00:00-04:00,26.022440034101567,26.882188942590087,25.44260857669528,25.602561950683594,75943500,0.0,0.0,0.0
2025-08-12 00:00:00-04:00,26.20238607705687,28.071843752201985,25.672541242238367,27.991867065429688,125315900,0.0,0.0,0.0
2025-08-13 00:00:00-04:00,28.641678636047008,29.32148144486316,28.30177723163893,29.261499404907227,89497100,0.0,0.0,0.0
2025-08-14 00:00:00-04:00,28.111833496960347,29.651385218559238,27.941882796511642,29.411455154418945,84286800,0.0,0.0,0.0
2025-08-15 00:00:00-04:00,28.701660042484015,28.701660042484015,27.062137003382695,27.362051010131836,93664700,0.0,0.0,0.0
2025-08-18 00:00:00-04:00,27.09212966204187,27.641969161478084,27.02215029740032,27.522005081176758,50310400,0.0,0.0,0.0
2025-08-19 00:00:00-04:00,27.561991613104468,27.851908293918136,26.092419281061535,26.232378005981445,75595100,0.0,0.0,0.0
2025-08-20 00:00:00-04:00,26.10241659331272,26.10241659331272,23.6531274675658,25.792505264282227,117636500,0.0,0.0,0.0
2025-08-21 00:00:00-04:00,25.39262273159801,25.89247751728614,24.902765270439005,25.34263801574707,67871100,0.0,0.0,0.0
2025-08-22 00:00:00-04:00,25.5525756902088,28.31177429064181,25.33264027456941,27.442028045654297,117140900,0.0,0.0,0.0
2025-08-25 00:00:00-04:00,27.34205701117022,27.57198975371707,26.80221293027448,27.292070388793945,55018700,0.0,0.0,0.0
2025-08-26 00:00:00-04:00,27.522004011403848,28.211802213310893,27.51200668730155,27.931884765625,57544300,0.0,0.0,0.0
2025-08-27 00:00:00-04:00,27.601981724715657,28.22180058776959,27.272077644239936,28.171815872192383,61375200,0.0,0.0,0.0
2025-08-28 00:00:00-04:00,28.401747275594417,29.10154470144835,27.95187722943195,28.521713256835938,74466400,0.0,0.0,0.0
2025-08-29 00:00:00-04:00,27.312065315321185,27.342057289051766,25.662544896033207,26.032438278198242,108411300,0.0,0.0,0.0
2025-09-02 00:00:00-04:00,24.073005989776714,25.272658217580048,23.793086628144028,25.242666244506836,101906700,0.0,0.0,0.0
2025-09-03 00:00:00-04:00,25.40262005980842,25.40262005980842,24.112995704079392,24.90276527404785,79482200,0.0,0.0,0.0
2025-09-04 00:00:00-04:00,24.402909904552708,25.722526202307314,23.973034493994387,25.642549514770508,81641200,0.0,0.0,0.0
2025-09-05 00:00:00-04:00,26.81220942278001,26.96216547166643,25.592564476563957,26.442317962646484,110749400,0.0,0.0,0.0
2025-09-08 00:00:00-04:00,26.952168035258033,27.422032735085224,26.67225058698101,27.072134017944336,72341700,0.0,0.0,0.0
2025-09-09 00:00:00-04:00,27.162108464900452,27.362051136993564,26.562282355415753,27.17210578918457,55882300,0.0,0.0,0.0
2025-09-10 00:00:00-04:00,28.471727891645088,28.821626619993015,28.061847123430127,28.591693878173828,86721600,0.0,0.0,0.0
2025-09-11 00:00:00-04:00,29.051558973053435,29.601400369326566,28.961584961059554,29.161527633666992,69919800,0.0,0.0,0.0
2025-09-12 00:00:00-04:00,29.361469916701267,29.54141603150683,28.781638461986578,29.291488647460938,52502600,0.0,0.0,0.0
2025-09-15 00:00:00-04:00,29.131536387302912,30.021279205122845,28.91160096738507,29.991287231445312,61268000,0.0,0.0,0.0
2025-09-16 00:00:00-04:00,30.321189583645697,30.641096324096765,29.78134743583317,30.471145629882812,54148200,0.0,0.0,0.0
2025-09-17 00:00:00-04:00,30.271205774628864,31.2409233489337,29.15153024281344,30.461149215698242,80483900,0.0,0.0,0.0
2025-09-18 00:00:00-04:00,32.75048444418803,34.13008474424554,32.42058226302025,33.63022994995117,104513300,0.0,0.0,0.0
2025-09-19 00:00:00-04:00,33.550254389443126,33.59023987373328,32.110670174495844,33.01041030883789,66106100,0.0,0.0,0.0
2025-09-22 00:00:00-04:00,33.19035594947621,34.739904901802845,33.18035671893057,34.41999816894531,62948200,0.0,0.0,0.0
2025-09-23 00:00:00-04:00,34.70000076293945,35.29999923706055,33.66999816894531,34.29999923706055,63661700,0.01,0.0,0.0
2025-09-24 00:00:00-04:00,33.959999084472656,34.38999938964844,32.810001373291016,34.20000076293945,58369900,0.0,0.0,0.0
2025-09-25 00:00:00-04:00,32.439998626708984,34.060001373291016,31.360000610351562,33.849998474121094,79969600,0.0,0.0,0.0
2025-09-26 00:00:00-04:00,33.93000030517578,34.22999954223633,32.83000183105469,34.02000045776367,60944500,0.0,0.0,0.0
2025-09-29 00:00:00-04:00,35.029998779296875,35.4900016784668,33.9900016784668,34.02000045776367,56593700,0.0,0.0,0.0
2025-09-30 00:00:00-04:00,34.06999969482422,34.959999084472656,33.56999969482422,34.84000015258789,60696800,0.0,0.0,0.0
2025-10-01 00:00:00-04:00,34.18000030517578,36.97999954223633,33.97999954223633,36.86000061035156,67094700,0.0,0.0,0.0
2025-10-02 00:00:00-04:00,38.959999084472656,39.31999969482422,38.13999938964844,39.08000183105469,68834400,0.0,0.0,0.0
2025-10-03 00:00:00-04:00,39.47999954223633,40.060001373291016,37.619998931884766,38.22999954223633,69252500,0.0,0.0,0.0
2025-10-06 00:00:00-04:00,42.83000183105469,43.369998931884766,41.65999984741211,41.709999084472656,99880300,0.0,0.0,0.0
2025-10-07 00:00:00-04:00,42.779998779296875,43.02000045776367,38.70000076293945,38.83000183105469,96375900,0.0,0.0,0.0
2025-10-08 00:00:00-04:00,38.869998931884766,42.939998626708984,38.68000030517578,42.779998779296875,77149800,0.0,0.0,0.0
2025-10-09 00:00:00-04:00,42.58000183105469,42.84000015258789,41.0099983215332,42.2400016784668,63095700,0.0,0.0,0.0
2025-10-10 00:00:00-04:00,42.52000045776367,42.84000015258789,34.16999816894531,34.209999084472656,204858900,0.0,0.0,0.0
2025-10-13 00:00:00-04:00,38.22999954223633,39.470001220703125,37.369998931884766,39.13999938964844,89274100,0.0,0.0,0.0
2025-10-14 00:00:00-04:00,36.619998931884766,39.0099983215332,35.95000076293945,36.630001068115234,100358200,0.0,0.0,0.0
2025-10-15 00:00:00-04:00,39.54999923706055,40.16999816894531,37.709999084472656,39.97999954223633,96059800,0.0,0.0,0.0
2025-10-16 00:00:00-04:00,41.45000076293945,41.93000030517578,39.279998779296875,40.56999969482422,89397000,0.0,0.0,0.0
2025-10-17 00:00:00-04:00,39.61000061035156,40.79999923706055,38.31999969482422,40.290000915527344,92083400,0.0,0.0,0.0
2025-10-20 00:00:00-04:00,41.15999984741211,43.040000915527344,41.130001068115234,42.2400016784668,62424500,0.0,0.0,0.0
2025-10-21 00:00:00-04:00,41.810001373291016,42.029998779296875,40.52000045776367,41.5099983215332,54386700,0.0,0.0,0.0
2025-10-22 00:00:00-04:00,40.08000183105469,40.810001373291016,35.970001220703125,38.38999938964844,110646700,0.0,0.0,0.0
2025-10-23 00:00:00-04:00,37.72999954223633,41.470001220703125,37.54999923706055,41.16999816894531,72467000,0.0,0.0,0.0
2025-10-24 00:00:00-04:00,43.43000030517578,44.15999984741211,42.959999084472656,43.13999938964844,69872500,0.0,0.0,0.0
2025-10-27 00:00:00-04:00,45.4900016784668,47.15999984741211,45.13999938964844,46.84000015258789,72684100,0.0,0.0,0.0
2025-10-28 00:00:00-04:00,46.439998626708984,47.61000061035156,45.939998626708984,46.959999084472656,53995000,0.0,0.0,0.0
2025-10-29 00:00:00-04:00,49.369998931884766,50.7599983215332,48.04999923706055,49.380001068115234,88268800,0.0,0.0,0.0
2025-10-30 00:00:00-04:00,48.5,49.970001220703125,47.27000045776367,47.38999938964844,76956300,0.0,0.0,0.0
2025-10-31 00:00:00-04:00,48.77000045776367,49.9900016784668,46.709999084472656,47.779998779296875,75650400,0.0,0.0,0.0
2025-11-03 00:00:00-05:00,49.5,50.189998626708984,48.029998779296875,48.58000183105469,52610600,0.0,0.0,0.0
2025-11-04 00:00:00-05:00,44.77000045776367,46.880001068115234,42.529998779296875,42.79999923706055,87734300,0.0,0.0,0.0
2025-11-05 00:00:00-05:00,43.220001220703125,48.43000030517578,43.209999084472656,46.83000183105469,76488900,0.0,0.0,0.0
2025-11-06 00:00:00-05:00,46.459999084472656,46.9900016784668,42.150001525878906,43.0099983215332,106419600,0.0,0.0,0.0
2025-11-07 00:00:00-05:00,41.099998474121094,41.7400016784668,37.040000915527344,41.7400016784668,143013500,0.0,0.0,0.0
2025-11-10 00:00:00-05:00,45.060001373291016,45.52000045776367,43.459999084472656,44.959999084472656,74223300,0.0,0.0,0.0
2025-11-11 00:00:00-05:00,43.720001220703125,44.040000915527344,41.650001525878906,41.810001373291016,80862700,0.0,0.0,0.0
2025-11-12 00:00:00-05:00,44.0099983215332,44.630001068115234,42.849998474121094,43.709999084472656,77730900,0.0,0.0,0.0
2025-11-13 00:00:00-05:00,42.16999816894531,42.63999938964844,38.0,39.220001220703125,126123700,0.0,0.0,0.0
2025-11-14 00:00:00-05:00,35.7400016784668,40.599998474121094,35.150001525878906,38.86000061035156,125398600,0.0,0.0,0.0
2025-11-17 00:00:00-05:00,37.900001525878906,40.08000183105469,35.529998779296875,36.84000015258789,101936600,0.0,0.0,0.0
2025-11-18 00:00:00-05:00,35.310001373291016,36.0099983215332,33.150001525878906,34.349998474121094,153515800,0.0,0.0,0.0
2025-11-19 00:00:00-05:00,34.720001220703125,37.29999923706055,34.20000076293945,35.959999084472656,120458900,0.0,0.0,0.0
2025-11-20 00:00:00-05:00,38.790000915527344,39.189998626708984,30.40999984741211,30.809999465942383,228883600,0.0,0.0,0.0
2025-11-21 00:00:00-05:00,30.850000381469727,33.040000915527344,28.1200008392334,31.729999542236328,205537900,0.0,0.0,0.0
2025-11-24 00:00:00-05:00,32.689998626708984,36.310001373291016,32.650001525878906,35.86000061035156,108832500,0.0,0.0,0.0
2025-11-25 00:00:00-05:00,34.34000015258789,36.45000076293945,32.04999923706055,36.16999816894531,108634700,0.0,0.0,0.0
2025-11-26 00:00:00-05:00,37.439998626708984,40.150001525878906,37.29999923706055,39.189998626708984,104203900,0.0,0.0,0.0
2025-11-28 00:00:00-05:00,39.650001525878906,41.33000183105469,39.25,41.2599983215332,57190400,0.0,0.0,0.0
2025-12-01 00:00:00-05:00,39.58000183105469,42.36000061035156,39.459999084472656,41.310001373291016,79426200,0.0,0.0,0.0
2025-12-02 00:00:00-05:00,42.790000915527344,44.61000061035156,42.029998779296875,43.79999923706055,111736200,0.0,0.0,0.0
2025-12-03 00:00:00-05:00,44.45000076293945,46.68000030517578,43.150001525878906,46.58000183105469,94299300,0.0,0.0,0.0
2025-12-04 00:00:00-05:00,45.88999938964844,46.099998474121094,44.439998626708984,45.15999984741211,77656900,0.0,0.0,0.0
2025-12-05 00:00:00-05:00,46.470001220703125,48.04999923706055,46.29999923706055,46.5,77049800,0.0,0.0,0.0
2025-12-08 00:00:00-05:00,47.560001373291016,48.599998474121094,46.70000076293945,47.9900016784668,69225000,0.0,0.0,0.0
2025-12-09 00:00:00-05:00,47.040000915527344,48.04999923706055,46.470001220703125,47.790000915527344,56373300,0.0,0.0,0.0
2025-12-10 00:00:00-05:00,47.650001525878906,50.09000015258789,47.0099983215332,49.650001525878906,91153100,0.0,0.0,0.0
2025-12-11 00:00:00-05:00,48.0099983215332,48.900001525878906,44.65999984741211,48.790000915527344,88063000,0.0,0.0,0.0
2025-12-12 00:00:00-05:00,46.91999816894531,47.380001068115234,41.060001373291016,41.709999084472656,138088200,0.0,0.0,0.0
2025-12-15 00:00:00-05:00,43.11000061035156,43.41999816894531,40.79999923706055,41.18000030517578,78218600,0.0,0.0,0.0
2025-12-16 00:00:00-05:00,40.75,41.65999984741211,39.2400016784668,40.4900016784668,94566700,0.0,0.0,0.0
2025-12-17 00:00:00-05:00,41.0,41.31999969482422,35.70000076293945,36.0099983215332,126113900,0.0,0.0,0.0
2025-12-18 00:00:00-05:00,39.970001220703125,40.41999816894531,38.11000061035156,38.58000183105469,97164000,0.0,0.0,0.0
2025-12-19 00:00:00-05:00,39.599998474121094,42.36000061035156,39.5,41.720001220703125,92529100,0.0,0.0,0.0
2025-12-22 00:00:00-05:00,44.45000076293945,44.560001373291016,42.72999954223633,43.2599983215332,62717400,0.0,0.0,0.0
2025-12-23 00:00:00-05:00,42.619998931884766,43.79999923706055,42.220001220703125,43.70000076293945,44455700,0.0,0.0,0.0
2025-12-24 00:00:00-05:00,43.720001220703125,44.36000061035156,43.59000015258789,44.209999084472656,30717800,0.0,0.0,0.0
2025-12-26 00:00:00-05:00,44.75,44.790000915527344,43.810001373291016,44.209999084472656,38006400,0.0,0.0,0.0
2025-12-29 00:00:00-05:00,42.97999954223633,44.33000183105469,42.349998474121094,43.81999969482422,54612100,0.0,0.0,0.0
2025-12-30 00:00:00-05:00,44.150001525878906,44.75,43.56999969482422,43.66999816894531,40697400,0.0,0.0,0.0
2025-12-31 00:00:00-05:00,43.88999938964844,44.150001525878906,42.0099983215332,42.029998779296875,44754800,0.0,0.0,0.0
2026-01-02 00:00:00-05:00,45.130001068115234,48.09000015258789,45.08000183105469,47.2400016784668,132719700,0.0,0.0,0.0
2026-01-05 00:00:00-05:00,50.349998474121094,51.220001220703125,48.630001068115234,49.220001220703125,94987500,0.0,0.0,0.0
2026-01-06 00:00:00-05:00,51.11000061035156,54.29999923706055,51.06999969482422,54.0099983215332,92678600,0.0,0.0,0.0
2026-01-07 00:00:00-05:00,52.20000076293945,52.7400016784668,50.84000015258789,52.290000915527344,65698500,0.0,0.0,0.0
2026-01-08 00:00:00-05:00,51.79999923706055,51.810001373291016,48.130001068115234,49.650001525878906,79844800,0.0,0.0,0.0
2026-01-09 00:00:00-05:00,51.09000015258789,54.7599983215332,50.310001373291016,53.95000076293945,87214400,0.0,0.0,0.0
2026-01-12 00:00:00-05:00,52.38999938964844,55.150001525878906,52.349998474121094,54.650001525878906,53193700,0.0,0.0,0.0
2026-01-13 00:00:00-05:00,55.689998626708984,57.630001068115234,55.43000030517578,56.06999969482422,61895400,0.0,0.0,0.0
2026-01-14 00:00:00-05:00,54.88999938964844,55.439998626708984,53.0,55.380001068115234,70434900,0.0,0.0,0.0
2026-01-15 00:00:00-05:00,60.959999084472656,61.66999816894531,58.0099983215332,58.08000183105469,89664300,0.0,0.0,0.0
2026-01-16 00:00:00-05:00,61.189998626708984,62.189998626708984,59.5,60.75,58559500,0.0,0.0,0.0
2026-01-20 00:00:00-05:00,57.34000015258789,61.04999923706055,57.220001220703125,57.939998626708984,71408300,0.0,0.0,0.0
2026-01-21 00:00:00-05:00,60.2400016784668,65.11000061035156,59.459999084472656,63.47999954223633,103027300,0.0,0.0,0.0
2026-01-22 00:00:00-05:00,66.9000015258789,66.95999908447266,63.040000915527344,63.720001220703125,62594200,0.0,0.0,0.0
2026-01-23 00:00:00-05:00,62.47999954223633,63.36000061035156,60.150001525878906,61.599998474121094,58613600,0.0,0.0,0.0
2026-01-26 00:00:00-05:00,60.75,61.959999084472656,59.599998474121094,60.70000076293945,42592400,0.0,0.0,0.0
2026-01-27 00:00:00-05:00,63.310001373291016,65.98999786376953,62.540000915527344,64.95999908447266,61155400,0.0,0.0,0.0
2026-01-28 00:00:00-05:00,69.0,70.93000030517578,67.9800033569336,70.08999633789062,74205500,0.0,0.0,0.0
2026-01-29 00:00:00-05:00,70.4000015258789,71.9800033569336,62.650001525878906,70.47000122070312,78058200,0.0,0.0,0.0
2026-01-30 00:00:00-05:00,67.12000274658203,69.86000061035156,60.290000915527344,61.790000915527344,83504200,0.0,0.0,0.0
2026-02-02 00:00:00-05:00,59.459999084472656,66.94000244140625,59.099998474121094,65.19999694824219,66961000,0.0,0.0,0.0
2026-02-03 00:00:00-05:00,66.80999755859375,67.62000274658203,57.02000045776367,61.20000076293945,101338500,0.0,0.0,0.0
2026-02-04 00:00:00-05:00,59.439998626708984,61.029998779296875,49.33000183105469,53.189998626708984,139149400,0.0,0.0,0.0
2026-02-05 00:00:00-05:00,51.310001373291016,55.4900016784668,50.0099983215332,53.25,109350300,0.0,0.0,0.0
2026-02-06 00:00:00-05:00,56.400001525878906,62.25,55.66999816894531,61.75,108594200,0.0,0.0,0.0
2026-02-09 00:00:00-05:00,59.9900016784668,65.05000305175781,59.290000915527344,64.02999877929688,66670500,0.0,0.0,0.0
2026-02-10 00:00:00-05:00,64.66999816894531,65.20999908447266,61.41999816894531,63.34000015258789,58273900,0.0,0.0,0.0
2026-02-11 00:00:00-05:00,67.20999908447266,69.0999984741211,63.22999954223633,68.05000305175781,89724200,0.0,0.0,0.0
2026-02-12 00:00:00-05:00,69.66999816894531,70.86000061035156,62.77000045776367,63.099998474121094,90896100,0.0,0.0,0.0
2026-02-13 00:00:00-05:00,63.93000030517578,66.25,61.43000030517578,64.58999633789062,79931300,0.0,0.0,0.0
2026-02-17 00:00:00-05:00,62.02000045776367,65.95999908447266,59.560001373291016,64.3499984741211,79420400,0.0,0.0,0.0
2026-02-18 00:00:00-05:00,65.26000213623047,68.44999694824219,64.06999969482422,66.29000091552734,69349000,0.0,0.0,0.0
2026-02-19 00:00:00-05:00,64.33000183105469,65.51000213623047,62.959999084472656,65.2300033569336,68827500,0.0,0.0,0.0
2026-02-20 00:00:00-05:00,63.7599983215332,68.22000122070312,63.58000183105469,67.11000061035156,81017900,0.0,0.0,0.0
2026-02-23 00:00:00-05:00,65.8499984741211,67.6500015258789,63.470001220703125,65.86000061035156,66926300,0.0,0.0,0.0
2026-02-24 00:00:00-05:00,68.11000061035156,70.0,66.3499984741211,68.52999877929688,66892100,0.0,0.0,0.0
2026-02-25 00:00:00-05:00,70.88999938964844,72.36000061035156,70.4800033569336,71.86000061035156,52929300,0.0,0.0,0.0
2026-02-26 00:00:00-05:00,71.02999877929688,71.11000061035156,61.630001068115234,65.33999633789062,97366800,0.0,0.0,0.0
2026-02-27 00:00:00-05:00,61.505001068115234,63.7599983215332,60.65999984741211,61.20790100097656,47783134,0.0,0.0,0.0
